frame_idx,frame_name,ts_ms
0,1754500000.000000000.png,1754500000000
1,1754500001.000000000.png,1754500001000
2,1754500002.000000000.png,1754500002000
3,1754500003.000000000.png,1754500003000
4,1754500004.000000000.png,1754500004000
5,1754500005.000000000.png,1754500005000
6,1754500006.000000000.png,1754500006000
7,1754500007.000000000.png,1754500007000
8,1754500008.000000000.png,1754500008000
9,1754500009.000000000.png,1754500009000
10,1754500010.000000000.png,1754500010000
11,1754500011.000000000.png,1754500011000
12,1754500012.000000000.png,1754500012000
13,1754500013.000000000.png,1754500013000
14,1754500014.000000000.png,1754500014000
15,1754500015.000000000.png,1754500015000
16,1754500016.000000000.png,1754500016000
17,1754500017.000000000.png,1754500017000
18,1754500018.000000000.png,1754500018000
19,1754500019.000000000.png,1754500019000
20,1754500020.000000000.png,1754500020000
21,1754500021.000000000.png,1754500021000
22,1754500022.000000000.png,1754500022000
23,1754500023.000000000.png,1754500023000
24,1754500024.000000000.png,1754500024000
25,1754500025.000000000.png,1754500025000
26,1754500026.000000000.png,1754500026000
27,1754500027.000000000.png,1754500027000
28,1754500028.000000000.png,1754500028000
29,1754500029.000000000.png,1754500029000
30,1754500030.000000000.png,1754500030000
31,1754500031.000000000.png,1754500031000
32,1754500032.000000000.png,1754500032000
33,1754500033.000000000.png,1754500033000
34,1754500034.000000000.png,1754500034000
35,1754500035.000000000.png,1754500035000
36,1754500036.000000000.png,1754500036000
37,1754500037.000000000.png,1754500037000
38,1754500038.000000000.png,1754500038000
39,1754500039.000000000.png,1754500039000
40,1754500040.000000000.png,1754500040000
41,1754500041.000000000.png,1754500041000
42,1754500042.000000000.png,1754500042000
43,1754500043.000000000.png,1754500043000
44,1754500044.000000000.png,1754500044000
45,1754500045.000000000.png,1754500045000
46,1754500046.000000000.png,1754500046000
47,1754500047.000000000.png,1754500047000
48,1754500048.000000000.png,1754500048000
49,1754500049.000000000.png,1754500049000
50,1754500050.000000000.png,1754500050000
51,1754500051.000000000.png,1754500051000
52,1754500052.000000000.png,1754500052000
53,1754500053.000000000.png,1754500053000
54,1754500054.000000000.png,1754500054000
55,1754500055.000000000.png,1754500055000
56,1754500056.000000000.png,1754500056000
57,1754500057.000000000.png,1754500057000
58,1754500058.000000000.png,1754500058000
59,1754500059.000000000.png,1754500059000
60,1754500060.000000000.png,1754500060000
61,1754500061.000000000.png,1754500061000
62,1754500062.000000000.png,1754500062000
63,1754500063.000000000.png,1754500063000
64,1754500064.000000000.png,1754500064000
65,1754500065.000000000.png,1754500065000
66,1754500066.000000000.png,1754500066000
67,1754500067.000000000.png,1754500067000
68,1754500068.000000000.png,1754500068000
69,1754500069.000000000.png,1754500069000
70,1754500070.000000000.png,1754500070000
71,1754500071.000000000.png,1754500071000
72,1754500072.000000000.png,1754500072000
73,1754500073.000000000.png,1754500073000
74,1754500074.000000000.png,1754500074000
75,1754500075.000000000.png,1754500075000
76,1754500076.000000000.png,1754500076000
77,1754500077.000000000.png,1754500077000
78,1754500078.000000000.png,1754500078000
79,1754500079.000000000.png,1754500079000
80,1754500080.000000000.png,1754500080000
81,1754500081.000000000.png,1754500081000
82,1754500082.000000000.png,1754500082000
83,1754500083.000000000.png,1754500083000
84,1754500084.000000000.png,1754500084000
85,1754500085.000000000.png,1754500085000
86,1754500086.000000000.png,1754500086000
87,1754500087.000000000.png,1754500087000
88,1754500088.000000000.png,1754500088000
89,1754500089.000000000.png,1754500089000
90,1754500090.000000000.png,1754500090000
91,1754500091.000000000.png,1754500091000
92,1754500092.000000000.png,1754500092000
93,1754500093.000000000.png,1754500093000
94,1754500094.000000000.png,1754500094000
95,1754500095.000000000.png,1754500095000
96,1754500096.000000000.png,1754500096000
97,1754500097.000000000.png,1754500097000
98,1754500098.000000000.png,1754500098000
99,1754500099.000000000.png,1754500099000
