frame_idx,frame_name,ts_ms,lat_deg,lon_deg,alt_m,rel_alt_m,hdg_deg,vx_mps,vy_mps,vz_mps,oysters_total,oysters_left,oysters_right,ts_req_ms,ts_resp_ms
0,1754500000.000000000.png,1754500000000,45.2185,12.287,1.2,0.0,60.0,12.12,0.0,0.0,2,2,0,1754499999965,1754500000035
1,1754500001.000000000.png,1754500001000,45.2185792,12.28709,1.2,0.0,60.0,12.12,0.0,0.0,2,1,1,1754500000965,1754500001035
2,1754500002.000000000.png,1754500002000,45.2186585,12.2871798,1.2,0.0,60.0,12.12,0.0,0.0,2,2,0,1754500001965,1754500002035
3,1754500003.000000000.png,1754500003000,45.2187381,12.2872694,1.2,0.0,60.0,12.12,0.0,0.0,2,2,0,1754500002965,1754500003035
4,1754500004.000000000.png,1754500004000,45.2188182,12.2873587,1.2,0.0,60.0,12.12,0.0,0.0,2,1,1,1754500003965,1754500004035
5,1754500005.000000000.png,1754500005000,45.2188989,12.2874474,1.2,0.0,60.0,12.12,0.0,0.0,2,1,1,1754500004965,1754500005035
6,1754500006.000000000.png,1754500006000,45.2189804,12.2875355,1.2,0.0,60.0,12.12,0.0,0.0,2,1,1,1754500005965,1754500006035
7,1754500007.000000000.png,1754500007000,45.2190627,12.2876229,1.2,0.0,60.0,12.12,0.0,0.0,2,0,2,1754500006965,1754500007035
8,1754500008.000000000.png,1754500008000,45.219146,12.2877095,1.2,0.0,60.0,12.12,0.0,0.0,2,2,0,1754500007965,1754500008035
9,1754500009.000000000.png,1754500009000,45.2192304,12.2877952,1.2,0.0,60.0,12.12,0.0,0.0,2,0,2,1754500008965,1754500009035
10,1754500010.000000000.png,1754500010000,45.2193159,12.28788,1.2,0.0,60.0,12.12,0.0,0.0,2,2,0,1754500009965,1754500010035
11,1754500011.000000000.png,1754500011000,45.2194027,12.2879637,1.2,0.0,60.0,12.12,0.0,0.0,2,1,1,1754500010965,1754500011035
12,1754500012.000000000.png,1754500012000,45.2194907,12.2880464,1.2,0.0,60.0,12.12,0.0,0.0,2,2,0,1754500011965,1754500012035
13,1754500013.000000000.png,1754500013000,45.2195801,12.288128,1.2,0.0,60.0,12.12,0.0,0.0,2,1,1,1754500012965,1754500013035
14,1754500014.000000000.png,1754500014000,45.2196709,12.2882085,1.2,0.0,60.0,12.12,0.0,0.0,2,0,2,1754500013965,1754500014035
15,1754500015.000000000.png,1754500015000,45.219763,12.2882879,1.2,0.0,60.0,12.12,0.0,0.0,2,2,0,1754500014965,1754500015035
16,1754500016.000000000.png,1754500016000,45.2198564,12.2883662,1.2,0.0,60.0,12.12,0.0,0.0,2,0,2,1754500015965,1754500016035
17,1754500017.000000000.png,1754500017000,45.2199511,12.2884434,1.2,0.0,60.0,12.12,0.0,0.0,2,1,1,1754500016965,1754500017035
18,1754500018.000000000.png,1754500018000,45.2200471,12.2885196,1.2,0.0,60.0,12.12,0.0,0.0,2,2,0,1754500017965,1754500018035
19,1754500019.000000000.png,1754500019000,45.2201442,12.2885949,1.2,0.0,60.0,12.12,0.0,0.0,2,2,0,1754500018965,1754500019035
20,1754500020.000000000.png,1754500020000,45.2202425,12.2886692,1.2,0.0,60.0,12.12,0.0,0.0,2,1,1,1754500019965,1754500020035
21,1754500021.000000000.png,1754500021000,45.2203418,12.2887427,1.2,0.0,60.0,12.12,0.0,0.0,2,1,1,1754500020965,1754500021035
22,1754500022.000000000.png,1754500022000,45.220442,12.2888154,1.2,0.0,60.0,12.12,0.0,0.0,2,1,1,1754500021965,1754500022035
23,1754500023.000000000.png,1754500023000,45.220543,12.2888875,1.2,0.0,60.0,12.12,0.0,0.0,2,2,0,1754500022965,1754500023035
24,1754500024.000000000.png,1754500024000,45.2206447,12.288959,1.2,0.0,60.0,12.12,0.0,0.0,2,0,2,1754500023965,1754500024035
25,1754500025.000000000.png,1754500025000,45.220747,12.2890301,1.2,0.0,60.0,12.12,0.0,0.0,0,0,0,1754500024965,1754500025035
26,1754500026.000000000.png,1754500026000,45.2208497,12.2891008,1.2,0.0,60.0,12.12,0.0,0.0,0,0,0,1754500025965,1754500026035
27,1754500027.000000000.png,1754500027000,45.2209527,12.2891712,1.2,0.0,60.0,12.12,0.0,0.0,0,0,0,1754500026965,1754500027035
28,1754500028.000000000.png,1754500028000,45.2210559,12.2892415,1.2,0.0,60.0,12.12,0.0,0.0,0,0,0,1754500027965,1754500028035
29,1754500029.000000000.png,1754500029000,45.2211591,12.2893117,1.2,0.0,60.0,12.12,0.0,0.0,0,0,0,1754500028965,1754500029035
30,1754500030.000000000.png,1754500030000,45.2212623,12.289382,1.2,0.0,60.0,12.12,0.0,0.0,0,0,0,1754500029965,1754500030035
31,1754500031.000000000.png,1754500031000,45.2213653,12.2894524,1.2,0.0,60.0,12.12,0.0,0.0,0,0,0,1754500030965,1754500031035
32,1754500032.000000000.png,1754500032000,45.2214681,12.2895231,1.2,0.0,60.0,12.12,0.0,0.0,0,0,0,1754500031965,1754500032035
33,1754500033.000000000.png,1754500033000,45.2215704,12.2895941,1.2,0.0,60.0,12.12,0.0,0.0,0,0,0,1754500032965,1754500033035
34,1754500034.000000000.png,1754500034000,45.2216723,12.2896654,1.2,0.0,60.0,12.12,0.0,0.0,0,0,0,1754500033965,1754500034035
35,1754500035.000000000.png,1754500035000,45.2217737,12.2897372,1.2,0.0,60.0,12.12,0.0,0.0,0,0,0,1754500034965,1754500035035
36,1754500036.000000000.png,1754500036000,45.2218745,12.2898095,1.2,0.0,60.0,12.12,0.0,0.0,0,0,0,1754500035965,1754500036035
37,1754500037.000000000.png,1754500037000,45.2219746,12.2898823,1.2,0.0,60.0,12.12,0.0,0.0,0,0,0,1754500036965,1754500037035
38,1754500038.000000000.png,1754500038000,45.2220741,12.2899556,1.2,0.0,60.0,12.12,0.0,0.0,0,0,0,1754500037965,1754500038035
39,1754500039.000000000.png,1754500039000,45.2221729,12.2900295,1.2,0.0,60.0,12.12,0.0,0.0,0,0,0,1754500038965,1754500039035
40,1754500040.000000000.png,1754500040000,45.222271,12.290104,1.2,0.0,60.0,12.12,0.0,0.0,0,0,0,1754500039965,1754500040035
41,1754500041.000000000.png,1754500041000,45.2223684,12.290179,1.2,0.0,60.0,12.12,0.0,0.0,0,0,0,1754500040965,1754500041035
42,1754500042.000000000.png,1754500042000,45.2224652,12.2902545,1.2,0.0,60.0,12.12,0.0,0.0,0,0,0,1754500041965,1754500042035
43,1754500043.000000000.png,1754500043000,45.2225614,12.2903306,1.2,0.0,60.0,12.12,0.0,0.0,0,0,0,1754500042965,1754500043035
44,1754500044.000000000.png,1754500044000,45.222657,12.2904071,1.2,0.0,60.0,12.12,0.0,0.0,0,0,0,1754500043965,1754500044035
45,1754500045.000000000.png,1754500045000,45.2227522,12.2904839,1.2,0.0,60.0,12.12,0.0,0.0,1,0,1,1754500044965,1754500045035
46,1754500046.000000000.png,1754500046000,45.2228469,12.2905611,1.2,0.0,60.0,12.12,0.0,0.0,1,1,0,1754500045965,1754500046035
47,1754500047.000000000.png,1754500047000,45.2229413,12.2906386,1.2,0.0,60.0,12.12,0.0,0.0,1,1,0,1754500046965,1754500047035
48,1754500048.000000000.png,1754500048000,45.2230355,12.2907163,1.2,0.0,60.0,12.12,0.0,0.0,1,0,1,1754500047965,1754500048035
49,1754500049.000000000.png,1754500049000,45.2231295,12.2907941,1.2,0.0,60.0,12.12,0.0,0.0,1,1,0,1754500048965,1754500049035
50,1754500050.000000000.png,1754500050000,45.2232235,12.2908719,1.2,0.0,60.0,12.12,0.0,0.0,1,1,0,1754500049965,1754500050035
51,1754500051.000000000.png,1754500051000,45.2233176,12.2909497,1.2,0.0,60.0,12.12,0.0,0.0,1,0,1,1754500050965,1754500051035
52,1754500052.000000000.png,1754500052000,45.2234117,12.2910274,1.2,0.0,60.0,12.12,0.0,0.0,1,1,0,1754500051965,1754500052035
53,1754500053.000000000.png,1754500053000,45.2235062,12.2911049,1.2,0.0,60.0,12.12,0.0,0.0,1,1,0,1754500052965,1754500053035
54,1754500054.000000000.png,1754500054000,45.2236009,12.2911821,1.2,0.0,60.0,12.12,0.0,0.0,1,1,0,1754500053965,1754500054035
55,1754500055.000000000.png,1754500055000,45.2236961,12.291259,1.2,0.0,60.0,12.12,0.0,0.0,1,1,0,1754500054965,1754500055035
56,1754500056.000000000.png,1754500056000,45.2237917,12.2913355,1.2,0.0,60.0,12.12,0.0,0.0,0,0,0,1754500055965,1754500056035
57,1754500057.000000000.png,1754500057000,45.2238879,12.2914115,1.2,0.0,60.0,12.12,0.0,0.0,0,0,0,1754500056965,1754500057035
58,1754500058.000000000.png,1754500058000,45.2239847,12.291487,1.2,0.0,60.0,12.12,0.0,0.0,0,0,0,1754500057965,1754500058035
59,1754500059.000000000.png,1754500059000,45.2240821,12.2915621,1.2,0.0,60.0,12.12,0.0,0.0,0,0,0,1754500058965,1754500059035
60,1754500060.000000000.png,1754500060000,45.2241802,12.2916365,1.2,0.0,60.0,12.12,0.0,0.0,0,0,0,1754500059965,1754500060035
61,1754500061.000000000.png,1754500061000,45.224279,12.2917104,1.2,0.0,60.0,12.12,0.0,0.0,0,0,0,1754500060965,1754500061035
62,1754500062.000000000.png,1754500062000,45.2243785,12.2917838,1.2,0.0,60.0,12.12,0.0,0.0,0,0,0,1754500061965,1754500062035
63,1754500063.000000000.png,1754500063000,45.2244786,12.2918566,1.2,0.0,60.0,12.12,0.0,0.0,0,0,0,1754500062965,1754500063035
64,1754500064.000000000.png,1754500064000,45.2245794,12.2919288,1.2,0.0,60.0,12.12,0.0,0.0,0,0,0,1754500063965,1754500064035
65,1754500065.000000000.png,1754500065000,45.2246807,12.2920006,1.2,0.0,60.0,12.12,0.0,0.0,0,0,0,1754500064965,1754500065035
66,1754500066.000000000.png,1754500066000,45.2247826,12.292072,1.2,0.0,60.0,12.12,0.0,0.0,0,0,0,1754500065965,1754500066035
67,1754500067.000000000.png,1754500067000,45.224885,12.2921429,1.2,0.0,60.0,12.12,0.0,0.0,0,0,0,1754500066965,1754500067035
68,1754500068.000000000.png,1754500068000,45.2249877,12.2922136,1.2,0.0,60.0,12.12,0.0,0.0,0,0,0,1754500067965,1754500068035
69,1754500069.000000000.png,1754500069000,45.2250908,12.292284,1.2,0.0,60.0,12.12,0.0,0.0,0,0,0,1754500068965,1754500069035
70,1754500070.000000000.png,1754500070000,45.2251939,12.2923543,1.2,0.0,60.0,12.12,0.0,0.0,0,0,0,1754500069965,1754500070035
71,1754500071.000000000.png,1754500071000,45.2252972,12.2924246,1.2,0.0,60.0,12.12,0.0,0.0,0,0,0,1754500070965,1754500071035
72,1754500072.000000000.png,1754500072000,45.2254004,12.2924949,1.2,0.0,60.0,12.12,0.0,0.0,0,0,0,1754500071965,1754500072035
73,1754500073.000000000.png,1754500073000,45.2255034,12.2925653,1.2,0.0,60.0,12.12,0.0,0.0,0,0,0,1754500072965,1754500073035
74,1754500074.000000000.png,1754500074000,45.2256061,12.292636,1.2,0.0,60.0,12.12,0.0,0.0,0,0,0,1754500073965,1754500074035
75,1754500075.000000000.png,1754500075000,45.2257084,12.292707,1.2,0.0,60.0,12.12,0.0,0.0,0,0,0,1754500074965,1754500075035
76,1754500076.000000000.png,1754500076000,45.2258101,12.2927786,1.2,0.0,60.0,12.12,0.0,0.0,0,0,0,1754500075965,1754500076035
77,1754500077.000000000.png,1754500077000,45.2259111,12.2928506,1.2,0.0,60.0,12.12,0.0,0.0,0,0,0,1754500076965,1754500077035
78,1754500078.000000000.png,1754500078000,45.2260113,12.2929234,1.2,0.0,60.0,12.12,0.0,0.0,0,0,0,1754500077965,1754500078035
79,1754500079.000000000.png,1754500079000,45.2261106,12.2929969,1.2,0.0,60.0,12.12,0.0,0.0,0,0,0,1754500078965,1754500079035
80,1754500080.000000000.png,1754500080000,45.2262088,12.2930712,1.2,0.0,60.0,12.12,0.0,0.0,3,1,2,1754500079965,1754500080035
81,1754500081.000000000.png,1754500081000,45.226306,12.2931464,1.2,0.0,60.0,12.12,0.0,0.0,3,2,1,1754500080965,1754500081035
82,1754500082.000000000.png,1754500082000,45.226402,12.2932226,1.2,0.0,60.0,12.12,0.0,0.0,3,1,2,1754500081965,1754500082035
83,1754500083.000000000.png,1754500083000,45.2264967,12.2932999,1.2,0.0,60.0,12.12,0.0,0.0,3,2,1,1754500082965,1754500083035
84,1754500084.000000000.png,1754500084000,45.2265901,12.2933782,1.2,0.0,60.0,12.12,0.0,0.0,3,1,2,1754500083965,1754500084035
85,1754500085.000000000.png,1754500085000,45.2266822,12.2934576,1.2,0.0,60.0,12.12,0.0,0.0,3,1,2,1754500084965,1754500085035
86,1754500086.000000000.png,1754500086000,45.2267729,12.2935381,1.2,0.0,60.0,12.12,0.0,0.0,3,1,2,1754500085965,1754500086035
87,1754500087.000000000.png,1754500087000,45.2268623,12.2936197,1.2,0.0,60.0,12.12,0.0,0.0,3,3,0,1754500086965,1754500087035
88,1754500088.000000000.png,1754500088000,45.2269504,12.2937023,1.2,0.0,60.0,12.12,0.0,0.0,3,1,2,1754500087965,1754500088035
89,1754500089.000000000.png,1754500089000,45.2270372,12.2937861,1.2,0.0,60.0,12.12,0.0,0.0,3,3,0,1754500088965,1754500089035
90,1754500090.000000000.png,1754500090000,45.2271227,12.2938708,1.2,0.0,60.0,12.12,0.0,0.0,3,2,1,1754500089965,1754500090035
91,1754500091.000000000.png,1754500091000,45.2272071,12.2939566,1.2,0.0,60.0,12.12,0.0,0.0,3,3,0,1754500090965,1754500091035
92,1754500092.000000000.png,1754500092000,45.2272904,12.2940432,1.2,0.0,60.0,12.12,0.0,0.0,3,2,1,1754500091965,1754500092035
93,1754500093.000000000.png,1754500093000,45.2273727,12.2941306,1.2,0.0,60.0,12.12,0.0,0.0,3,1,2,1754500092965,1754500093035
94,1754500094.000000000.png,1754500094000,45.2274542,12.2942187,1.2,0.0,60.0,12.12,0.0,0.0,3,0,3,1754500093965,1754500094035
95,1754500095.000000000.png,1754500095000,45.2275349,12.2943074,1.2,0.0,60.0,12.12,0.0,0.0,3,1,2,1754500094965,1754500095035
96,1754500096.000000000.png,1754500096000,45.227615,12.2943966,1.2,0.0,60.0,12.12,0.0,0.0,3,2,1,1754500095965,1754500096035
97,1754500097.000000000.png,1754500097000,45.2276946,12.2944862,1.2,0.0,60.0,12.12,0.0,0.0,3,1,2,1754500096965,1754500097035
98,1754500098.000000000.png,1754500098000,45.2277739,12.2945761,1.2,0.0,60.0,12.12,0.0,0.0,3,0,3,1754500097965,1754500098035
99,1754500099.000000000.png,1754500099000,45.2278531,12.2946661,1.2,0.0,60.0,12.12,0.0,0.0,3,2,1,1754500098965,1754500099035
